INSERT INTO USER(USER_ID, PASSWORD, USERNAME) VALUES(1,'greti','gretagonda');
INSERT INTO USER(USER_ID, PASSWORD, USERNAME) VALUES(2,'user','user');
INSERT INTO USER(USER_ID, PASSWORD, USERNAME) VALUES(3,'password','gipszjakab');

INSERT INTO STORAGE_ROOM(STORAGE_ROOM_ID, IS_FREE, X, Y, USER_ID) VALUES (1, 0,5,6, 1);
INSERT INTO STORAGE_ROOM(STORAGE_ROOM_ID, IS_FREE, X, Y, USER_ID) VALUES (2, 0, 6,4,2);
INSERT INTO STORAGE_ROOM(STORAGE_ROOM_ID, IS_FREE, X, Y, USER_ID) VALUES (3, 0, 6,7,3);
INSERT INTO STORAGE_ROOM(STORAGE_ROOM_ID, IS_FREE, X, Y, USER_ID) VALUES (4, 0, 4,9,3);
INSERT INTO STORAGE_ROOM(STORAGE_ROOM_ID, IS_FREE, X, Y) VALUES (5, 1, 8,12);
INSERT INTO STORAGE_ROOM(STORAGE_ROOM_ID, IS_FREE, X, Y) VALUES (6, 1, 8,8);

INSERT INTO BOX(BOX_ID, X, Y , USER_ID, STORAGE_ROOM_ID) VALUES(1,2,2,1,1);
INSERT INTO BOX(BOX_ID, X, Y , USER_ID, STORAGE_ROOM_ID) VALUES(2,1,1,2,2);
INSERT INTO BOX(BOX_ID, X, Y , USER_ID, STORAGE_ROOM_ID) VALUES(3,2,3,3,3);
INSERT INTO BOX(BOX_ID, X, Y , USER_ID, STORAGE_ROOM_ID) VALUES(4,3,3,3,3);


INSERT INTO box_categories (box_box_id, categories) VALUES(1, 'LIGHT');
INSERT INTO box_categories (box_box_id, categories) VALUES(2, 'HEAVY');
INSERT INTO box_categories (box_box_id, categories) VALUES(3, 'FLAMMABLE');
INSERT INTO box_categories (box_box_id, categories) VALUES(4, 'FRAGILE');


INSERT INTO box_materials (box_box_id, materials) VALUES(1, 'PAPER');
INSERT INTO box_materials (box_box_id, materials) VALUES(2, 'GLASS');
INSERT INTO box_materials (box_box_id, materials) VALUES(3, 'TIMBER');
INSERT INTO box_materials (box_box_id, materials) VALUES(4, 'METAL');